filename,group,unit_cell
0.npz,C 1 2 1 (No. 5),"{'a': 8.048812305046445, 'b': 10.463455996560379, 'c': 13.682980918578956, 'alpha': 90.0, 'beta': 109.0, 'gamma': 90.0, 'volume': 1089.5765278506346, 'n_atoms': 14}"
1.npz,P 1 21 1 (No. 4),"{'a': 7.251482337479521, 'b': 9.426927038723377, 'c': 12.327519973715185, 'alpha': 90.0, 'beta': 109.0, 'gamma': 90.0, 'volume': 796.7878803138965, 'n_atoms': 25}"
2.npz,C 1 2 1 (No. 5),"{'a': 8.866250254851469, 'b': 11.52612533130691, 'c': 15.072625433247497, 'alpha': 90.0, 'beta': 109.0, 'gamma': 90.0, 'volume': 1456.40544885439, 'n_atoms': 19}"
3.npz,C 1 2 1 (No. 5),"{'a': 7.59473239973012, 'b': 9.873152119649156, 'c': 12.911045079541204, 'alpha': 90.0, 'beta': 109.0, 'gamma': 90.0, 'volume': 915.3765181059074, 'n_atoms': 16}"
4.npz,C 1 2 1 (No. 5),"{'a': 9.269710263339856, 'b': 12.050623342341813, 'c': 15.758507447677756, 'alpha': 90.0, 'beta': 109.0, 'gamma': 90.0, 'volume': 1664.4119255132052, 'n_atoms': 26}"
5.npz,P 1 21 1 (No. 4),"{'a': 7.032248974933775, 'b': 9.141923667413907, 'c': 11.954823257387417, 'alpha': 90.0, 'beta': 109.0, 'gamma': 90.0, 'volume': 726.683090176889, 'n_atoms': 23}"
6.npz,P 1 21 1 (No. 4),"{'a': 7.572430041710989, 'b': 9.844159054224287, 'c': 12.87313107090868, 'alpha': 90.0, 'beta': 109.0, 'gamma': 90.0, 'volume': 907.3360122057396, 'n_atoms': 28}"
7.npz,P 1 21 1 (No. 4),"{'a': 6.868248288856214, 'b': 8.928722775513078, 'c': 11.676022091055563, 'alpha': 90.0, 'beta': 109.0, 'gamma': 90.0, 'volume': 677.0181300758303, 'n_atoms': 17}"
8.npz,P 1 21 1 (No. 4),"{'a': 7.066077159248139, 'b': 9.185900307022582, 'c': 12.012331170721836, 'alpha': 90.0, 'beta': 109.0, 'gamma': 90.0, 'volume': 737.2206057566586, 'n_atoms': 17}"
9.npz,C 1 2 1 (No. 5),"{'a': 7.7670287692982605, 'b': 10.097137400087739, 'c': 13.203948907807042, 'alpha': 90.0, 'beta': 109.0, 'gamma': 90.0, 'volume': 979.1000673978309, 'n_atoms': 12}"
10.npz,C 1 2 1 (No. 5),"{'a': 9.39222162455768, 'b': 12.209888111924984, 'c': 15.966776761748054, 'alpha': 90.0, 'beta': 109.0, 'gamma': 90.0, 'volume': 1731.2800906905798, 'n_atoms': 28}"
11.npz,P 1 21 1 (No. 4),"{'a': 6.931954263473951, 'b': 9.011540542516137, 'c': 11.784322247905717, 'alpha': 90.0, 'beta': 109.0, 'gamma': 90.0, 'volume': 696.0323176226711, 'n_atoms': 22}"
12.npz,P 1 21 1 (No. 4),"{'a': 5.441650045403895, 'b': 7.074145059025064, 'c': 9.250805077186621, 'alpha': 90.0, 'beta': 109.0, 'gamma': 90.0, 'volume': 336.70856600914743, 'n_atoms': 10}"
13.npz,C 1 2 1 (No. 5),"{'a': 8.512988127109308, 'b': 11.0668845652421, 'c': 14.472079816085824, 'alpha': 90.0, 'beta': 109.0, 'gamma': 90.0, 'volume': 1289.1647505382332, 'n_atoms': 17}"
14.npz,P 1 21 1 (No. 4),"{'a': 7.692911591158996, 'b': 10.000785068506696, 'c': 13.077949704970292, 'alpha': 90.0, 'beta': 109.0, 'gamma': 90.0, 'volume': 951.3373844004294, 'n_atoms': 22}"
15.npz,C 1 2 1 (No. 5),"{'a': 7.229001655767217, 'b': 9.397702152497382, 'c': 12.289302814804268, 'alpha': 90.0, 'beta': 109.0, 'gamma': 90.0, 'volume': 789.4003447610974, 'n_atoms': 12}"
16.npz,P 1 21 1 (No. 4),"{'a': 7.0433716733520475, 'b': 9.156383175357663, 'c': 11.97373184469848, 'alpha': 90.0, 'beta': 109.0, 'gamma': 90.0, 'volume': 730.1366657352238, 'n_atoms': 22}"
17.npz,P 1 21 1 (No. 4),"{'a': 7.211579307183463, 'b': 9.375053099338503, 'c': 12.259684822211886, 'alpha': 90.0, 'beta': 109.0, 'gamma': 90.0, 'volume': 783.7065757606786, 'n_atoms': 24}"
18.npz,C 1 2 1 (No. 5),"{'a': 8.503036669362366, 'b': 11.053947670171077, 'c': 14.455162337916022, 'alpha': 90.0, 'beta': 109.0, 'gamma': 90.0, 'volume': 1284.6490350146196, 'n_atoms': 19}"
19.npz,P 1 21 1 (No. 4),"{'a': 7.141182610465016, 'b': 9.28353739360452, 'c': 12.140010437790528, 'alpha': 90.0, 'beta': 109.0, 'gamma': 90.0, 'volume': 760.9791458241885, 'n_atoms': 26}"
20.npz,P 1 21 1 (No. 4),"{'a': 6.309180260811393, 'b': 8.201934339054812, 'c': 10.725606443379368, 'alpha': 90.0, 'beta': 109.0, 'gamma': 90.0, 'volume': 524.7846782252082, 'n_atoms': 18}"
21.npz,C 1 2 1 (No. 5),"{'a': 7.220593482080144, 'b': 9.386771526704187, 'c': 12.275008919536244, 'alpha': 90.0, 'beta': 109.0, 'gamma': 90.0, 'volume': 786.6490527736194, 'n_atoms': 12}"
22.npz,P 1 21 1 (No. 4),"{'a': 6.117687739124815, 'b': 7.95299406086226, 'c': 10.400069156512185, 'alpha': 90.0, 'beta': 109.0, 'gamma': 90.0, 'volume': 478.4364470119227, 'n_atoms': 12}"
23.npz,C 1 2 1 (No. 5),"{'a': 9.035292012330123, 'b': 11.74587961602916, 'c': 15.359996420961208, 'alpha': 90.0, 'beta': 109.0, 'gamma': 90.0, 'volume': 1541.3061753315005, 'n_atoms': 20}"
24.npz,P 1 21 1 (No. 4),"{'a': 7.814605852784137, 'b': 10.158987608619379, 'c': 13.284829949733032, 'alpha': 90.0, 'beta': 109.0, 'gamma': 90.0, 'volume': 997.2029944153512, 'n_atoms': 27}"
25.npz,P 1 21 1 (No. 4),"{'a': 7.220804831649973, 'b': 9.387046281144965, 'c': 12.275368213804954, 'alpha': 90.0, 'beta': 109.0, 'gamma': 90.0, 'volume': 786.718131363546, 'n_atoms': 23}"
26.npz,P 1 21 1 (No. 4),"{'a': 5.870859719712032, 'b': 7.632117635625641, 'c': 9.980461523510453, 'alpha': 90.0, 'beta': 109.0, 'gamma': 90.0, 'volume': 422.83161219536163, 'n_atoms': 11}"
27.npz,C 1 2 1 (No. 5),"{'a': 8.776371643583738, 'b': 11.40928313665886, 'c': 14.919831794092355, 'alpha': 90.0, 'beta': 109.0, 'gamma': 90.0, 'volume': 1412.5614693018354, 'n_atoms': 18}"
28.npz,P 1 21 1 (No. 4),"{'a': 6.469604422503984, 'b': 8.41048574925518, 'c': 10.998327518256772, 'alpha': 90.0, 'beta': 109.0, 'gamma': 90.0, 'volume': 565.8424428462607, 'n_atoms': 17}"
29.npz,C 1 2 1 (No. 5),"{'a': 7.574679535511601, 'b': 9.84708339616508, 'c': 12.876955210369722, 'alpha': 90.0, 'beta': 109.0, 'gamma': 90.0, 'volume': 908.1448621142125, 'n_atoms': 11}"
30.npz,P 1 21 1 (No. 4),"{'a': 7.114984791606748, 'b': 9.249480229088773, 'c': 12.09547414573147, 'alpha': 90.0, 'beta': 109.0, 'gamma': 90.0, 'volume': 752.6347518832223, 'n_atoms': 23}"
31.npz,C 1 2 1 (No. 5),"{'a': 8.259080032188303, 'b': 10.736804041844794, 'c': 14.040436054720114, 'alpha': 90.0, 'beta': 109.0, 'gamma': 90.0, 'volume': 1177.2192705247887, 'n_atoms': 15}"
32.npz,C 1 2 1 (No. 5),"{'a': 8.633896579188868, 'b': 11.224065552945529, 'c': 14.677624184621074, 'alpha': 90.0, 'beta': 109.0, 'gamma': 90.0, 'volume': 1344.8779265707271, 'n_atoms': 16}"
33.npz,C 1 2 1 (No. 5),"{'a': 8.397040673265398, 'b': 10.916152875245018, 'c': 14.274969144551175, 'alpha': 90.0, 'beta': 109.0, 'gamma': 90.0, 'volume': 1237.2034133048733, 'n_atoms': 19}"
34.npz,P 1 21 1 (No. 4),"{'a': 7.631663713692084, 'b': 9.921162827799709, 'c': 12.973828313276542, 'alpha': 90.0, 'beta': 109.0, 'gamma': 90.0, 'volume': 928.7953113410273, 'n_atoms': 28}"
35.npz,C 1 2 1 (No. 5),"{'a': 8.259214845061944, 'b': 10.736979298580527, 'c': 14.040665236605305, 'alpha': 90.0, 'beta': 109.0, 'gamma': 90.0, 'volume': 1177.27691867786, 'n_atoms': 17}"
36.npz,P 1 21 1 (No. 4),"{'a': 5.661425437249194, 'b': 7.359853068423952, 'c': 9.62442324332363, 'alpha': 90.0, 'beta': 109.0, 'gamma': 90.0, 'volume': 379.1750168632623, 'n_atoms': 13}"
37.npz,P 1 21 1 (No. 4),"{'a': 6.8301660527493, 'b': 8.879215868574091, 'c': 11.61128228967381, 'alpha': 90.0, 'beta': 109.0, 'gamma': 90.0, 'volume': 665.8189105089106, 'n_atoms': 17}"
38.npz,P 1 21 1 (No. 4),"{'a': 6.587006794947343, 'b': 8.563108833431546, 'c': 11.197911551410483, 'alpha': 90.0, 'beta': 109.0, 'gamma': 90.0, 'volume': 597.2094530306665, 'n_atoms': 17}"
39.npz,P 1 21 1 (No. 4),"{'a': 7.037822529242708, 'b': 9.14916928801552, 'c': 11.964298299712603, 'alpha': 90.0, 'beta': 109.0, 'gamma': 90.0, 'volume': 728.4123030958957, 'n_atoms': 25}"
40.npz,P 1 21 1 (No. 4),"{'a': 7.2933691239740375, 'b': 9.48137986116625, 'c': 12.398727510755863, 'alpha': 90.0, 'beta': 109.0, 'gamma': 90.0, 'volume': 810.6752637569648, 'n_atoms': 20}"
41.npz,C 1 2 1 (No. 5),"{'a': 8.745428624050621, 'b': 11.369057211265808, 'c': 14.867228660886056, 'alpha': 90.0, 'beta': 109.0, 'gamma': 90.0, 'volume': 1397.673200666512, 'n_atoms': 23}"
42.npz,C 1 2 1 (No. 5),"{'a': 8.830915979938347, 'b': 11.480190773919851, 'c': 15.012557165895188, 'alpha': 90.0, 'beta': 109.0, 'gamma': 90.0, 'volume': 1439.0623050972213, 'n_atoms': 24}"
43.npz,P 1 21 1 (No. 4),"{'a': 7.079821190649156, 'b': 9.203767547843903, 'c': 12.035696024103565, 'alpha': 90.0, 'beta': 109.0, 'gamma': 90.0, 'volume': 741.530820854493, 'n_atoms': 20}"
44.npz,C 1 2 1 (No. 5),"{'a': 9.268865897292429, 'b': 12.049525666480157, 'c': 15.757072025397129, 'alpha': 90.0, 'beta': 109.0, 'gamma': 90.0, 'volume': 1663.9571394834866, 'n_atoms': 20}"
45.npz,P 1 21 1 (No. 4),"{'a': 6.677746028367996, 'b': 8.681069836878395, 'c': 11.352168248225592, 'alpha': 90.0, 'beta': 109.0, 'gamma': 90.0, 'volume': 622.2315559422448, 'n_atoms': 16}"
46.npz,C 1 2 1 (No. 5),"{'a': 8.729505899310851, 'b': 11.348357669104107, 'c': 14.840160028828446, 'alpha': 90.0, 'beta': 109.0, 'gamma': 90.0, 'volume': 1390.0528979435467, 'n_atoms': 18}"
47.npz,P 1 21 1 (No. 4),"{'a': 6.782394154008829, 'b': 8.817112400211478, 'c': 11.530070061815008, 'alpha': 90.0, 'beta': 109.0, 'gamma': 90.0, 'volume': 651.9456827679542, 'n_atoms': 17}"
48.npz,P 1 21 1 (No. 4),"{'a': 6.835575663044051, 'b': 8.886248361957266, 'c': 11.620478627174887, 'alpha': 90.0, 'beta': 109.0, 'gamma': 90.0, 'volume': 667.4021842958542, 'n_atoms': 20}"
49.npz,C 1 2 1 (No. 5),"{'a': 9.702191939141809, 'b': 12.612849520884351, 'c': 16.493726296541073, 'alpha': 90.0, 'beta': 109.0, 'gamma': 90.0, 'volume': 1908.4110618838442, 'n_atoms': 24}"
50.npz,P 1 21 1 (No. 4),"{'a': 6.940586311763514, 'b': 9.022762205292569, 'c': 11.798996729997974, 'alpha': 90.0, 'beta': 109.0, 'gamma': 90.0, 'volume': 698.6357693363615, 'n_atoms': 22}"
51.npz,P 1 21 1 (No. 4),"{'a': 7.9266505282686195, 'b': 10.304645686749206, 'c': 13.475305898056654, 'alpha': 90.0, 'beta': 109.0, 'gamma': 90.0, 'volume': 1040.7141827794771, 'n_atoms': 26}"
52.npz,P 1 21 1 (No. 4),"{'a': 7.805204188393717, 'b': 10.146765444911832, 'c': 13.268847120269319, 'alpha': 90.0, 'beta': 109.0, 'gamma': 90.0, 'volume': 993.6081516877346, 'n_atoms': 26}"
53.npz,P 1 21 1 (No. 4),"{'a': 6.676918586777862, 'b': 8.679994162811221, 'c': 11.350761597522366, 'alpha': 90.0, 'beta': 109.0, 'gamma': 90.0, 'volume': 622.0002818841875, 'n_atoms': 20}"
54.npz,P 1 21 1 (No. 4),"{'a': 7.230534966480953, 'b': 9.399695456425238, 'c': 12.29190944301762, 'alpha': 90.0, 'beta': 109.0, 'gamma': 90.0, 'volume': 789.9027596781701, 'n_atoms': 20}"
55.npz,C 1 2 1 (No. 5),"{'a': 8.067396991300013, 'b': 10.487616088690018, 'c': 13.714574885210022, 'alpha': 90.0, 'beta': 109.0, 'gamma': 90.0, 'volume': 1097.1414563276473, 'n_atoms': 14}"
56.npz,P 1 21 1 (No. 4),"{'a': 7.311643443247797, 'b': 9.505136476222136, 'c': 12.429793853521254, 'alpha': 90.0, 'beta': 109.0, 'gamma': 90.0, 'volume': 816.7842466277559, 'n_atoms': 26}"
57.npz,C 1 2 1 (No. 5),"{'a': 7.337869550848398, 'b': 9.539230416102919, 'c': 12.474378236442277, 'alpha': 90.0, 'beta': 109.0, 'gamma': 90.0, 'volume': 825.6049715727877, 'n_atoms': 12}"
58.npz,P 1 21 1 (No. 4),"{'a': 7.898602776351625, 'b': 10.268183609257113, 'c': 13.427624719797763, 'alpha': 90.0, 'beta': 109.0, 'gamma': 90.0, 'volume': 1029.7058017041252, 'n_atoms': 27}"
59.npz,P 1 21 1 (No. 4),"{'a': 7.720580208374117, 'b': 10.036754270886352, 'c': 13.124986354235999, 'alpha': 90.0, 'beta': 109.0, 'gamma': 90.0, 'volume': 961.6391958160131, 'n_atoms': 28}"
60.npz,C 1 2 1 (No. 5),"{'a': 8.684836816338867, 'b': 11.290287861240529, 'c': 14.764222587776073, 'alpha': 90.0, 'beta': 109.0, 'gamma': 90.0, 'volume': 1368.8231046294525, 'n_atoms': 23}"
61.npz,P 1 21 1 (No. 4),"{'a': 7.768415578446648, 'b': 10.098940251980643, 'c': 13.2063064833593, 'alpha': 90.0, 'beta': 109.0, 'gamma': 90.0, 'volume': 979.6246183269469, 'n_atoms': 29}"
62.npz,C 1 2 1 (No. 5),"{'a': 10.371108877819632, 'b': 13.482441541165521, 'c': 17.630885092293372, 'alpha': 90.0, 'beta': 109.0, 'gamma': 90.0, 'volume': 2330.976632504993, 'n_atoms': 28}"
63.npz,P 1 21 1 (No. 4),"{'a': 6.260722492325097, 'b': 8.138939240022626, 'c': 10.643228236952664, 'alpha': 90.0, 'beta': 109.0, 'gamma': 90.0, 'volume': 512.7854586626399, 'n_atoms': 18}"
64.npz,C 1 2 1 (No. 5),"{'a': 10.258294213834189, 'b': 13.335782477984447, 'c': 17.43910016351812, 'alpha': 90.0, 'beta': 109.0, 'gamma': 90.0, 'volume': 2255.73351003011, 'n_atoms': 29}"
65.npz,P 1 21 1 (No. 4),"{'a': 7.564097845052731, 'b': 9.83332719856855, 'c': 12.858966336589642, 'alpha': 90.0, 'beta': 109.0, 'gamma': 90.0, 'volume': 904.3441906372966, 'n_atoms': 27}"
66.npz,C 1 2 1 (No. 5),"{'a': 7.518308963356663, 'b': 9.773801652363662, 'c': 12.781125237706327, 'alpha': 90.0, 'beta': 109.0, 'gamma': 90.0, 'volume': 888.0202023412375, 'n_atoms': 12}"
67.npz,P 1 21 1 (No. 4),"{'a': 6.572941661919803, 'b': 8.544824160495743, 'c': 11.174000825263665, 'alpha': 90.0, 'beta': 109.0, 'gamma': 90.0, 'volume': 593.3919799041445, 'n_atoms': 16}"
68.npz,P 1 21 1 (No. 4),"{'a': 5.4692186973134085, 'b': 7.109984306507431, 'c': 9.297671785432794, 'alpha': 90.0, 'beta': 109.0, 'gamma': 90.0, 'volume': 341.8520657121467, 'n_atoms': 10}"
69.npz,C 1 2 1 (No. 5),"{'a': 9.269782257226584, 'b': 12.05071693439456, 'c': 15.758629837285193, 'alpha': 90.0, 'beta': 109.0, 'gamma': 90.0, 'volume': 1664.4507061474046, 'n_atoms': 25}"
70.npz,P 1 21 1 (No. 4),"{'a': 5.799773187083356, 'b': 7.539705143208363, 'c': 9.859614418041705, 'alpha': 90.0, 'beta': 109.0, 'gamma': 90.0, 'volume': 407.657436013685, 'n_atoms': 10}"
71.npz,P 1 21 1 (No. 4),"{'a': 5.8966307150115504, 'b': 7.665619929515016, 'c': 10.024272215519636, 'alpha': 90.0, 'beta': 109.0, 'gamma': 90.0, 'volume': 428.4243337348209, 'n_atoms': 11}"
72.npz,C 1 2 1 (No. 5),"{'a': 6.549669334351671, 'b': 8.514570134657173, 'c': 11.13443786839784, 'alpha': 90.0, 'beta': 109.0, 'gamma': 90.0, 'volume': 587.1113328479125, 'n_atoms': 10}"
73.npz,C 1 2 1 (No. 5),"{'a': 8.633174172795387, 'b': 11.223126424634003, 'c': 14.676396093752158, 'alpha': 90.0, 'beta': 109.0, 'gamma': 90.0, 'volume': 1344.5403731443305, 'n_atoms': 20}"
74.npz,C 1 2 1 (No. 5),"{'a': 7.812014188823173, 'b': 10.155618445470125, 'c': 13.280424120999394, 'alpha': 90.0, 'beta': 109.0, 'gamma': 90.0, 'volume': 996.2111754671727, 'n_atoms': 14}"
75.npz,P 1 21 1 (No. 4),"{'a': 6.448610684977555, 'b': 8.383193890470823, 'c': 10.962638164461843, 'alpha': 90.0, 'beta': 109.0, 'gamma': 90.0, 'volume': 560.3518559181919, 'n_atoms': 17}"
76.npz,P 1 21 1 (No. 4),"{'a': 7.228528901937758, 'b': 9.397087572519085, 'c': 12.288499133294188, 'alpha': 90.0, 'beta': 109.0, 'gamma': 90.0, 'volume': 789.24548203647, 'n_atoms': 28}"
77.npz,C 1 2 1 (No. 5),"{'a': 8.156317858070787, 'b': 10.603213215492024, 'c': 13.865740358720338, 'alpha': 90.0, 'beta': 109.0, 'gamma': 90.0, 'volume': 1133.8217030017527, 'n_atoms': 13}"
78.npz,C 1 2 1 (No. 5),"{'a': 8.613279002640159, 'b': 11.197262703432207, 'c': 14.642574304488269, 'alpha': 90.0, 'beta': 109.0, 'gamma': 90.0, 'volume': 1335.2662888238367, 'n_atoms': 16}"
79.npz,C 1 2 1 (No. 5),"{'a': 8.896937475421657, 'b': 11.566018718048154, 'c': 15.124793708216817, 'alpha': 90.0, 'beta': 109.0, 'gamma': 90.0, 'volume': 1471.580263699907, 'n_atoms': 20}"
80.npz,C 1 2 1 (No. 5),"{'a': 7.871813852343836, 'b': 10.233358008046986, 'c': 13.382083548984522, 'alpha': 90.0, 'beta': 109.0, 'gamma': 90.0, 'volume': 1019.2642360365361, 'n_atoms': 18}"
81.npz,P 1 21 1 (No. 4),"{'a': 8.086377638451737, 'b': 10.512290929987257, 'c': 13.746841985367952, 'alpha': 90.0, 'beta': 109.0, 'gamma': 90.0, 'volume': 1104.9036210921247, 'n_atoms': 26}"
82.npz,P 1 21 1 (No. 4),"{'a': 6.289043552674198, 'b': 8.175756618476457, 'c': 10.691374039546137, 'alpha': 90.0, 'beta': 109.0, 'gamma': 90.0, 'volume': 519.7759082573604, 'n_atoms': 13}"
83.npz,P 1 21 1 (No. 4),"{'a': 6.934721260382615, 'b': 9.0151376384974, 'c': 11.789026142650444, 'alpha': 90.0, 'beta': 109.0, 'gamma': 90.0, 'volume': 696.8661466097454, 'n_atoms': 23}"
84.npz,P 1 21 1 (No. 4),"{'a': 7.4629857224938965, 'b': 9.701881439242065, 'c': 12.687075728239623, 'alpha': 90.0, 'beta': 109.0, 'gamma': 90.0, 'volume': 868.5606930931647, 'n_atoms': 26}"
85.npz,C 1 2 1 (No. 5),"{'a': 9.723669714217769, 'b': 12.6407706284831, 'c': 16.530238514170208, 'alpha': 90.0, 'beta': 109.0, 'gamma': 90.0, 'volume': 1921.1131070392025, 'n_atoms': 29}"
86.npz,P 1 21 1 (No. 4),"{'a': 7.440422562080403, 'b': 9.672549330704525, 'c': 12.648718355536685, 'alpha': 90.0, 'beta': 109.0, 'gamma': 90.0, 'volume': 860.7066177357946, 'n_atoms': 21}"
87.npz,P 1 21 1 (No. 4),"{'a': 8.05121408326653, 'b': 10.466578308246488, 'c': 13.6870639415531, 'alpha': 90.0, 'beta': 109.0, 'gamma': 90.0, 'volume': 1090.5522129749318, 'n_atoms': 25}"
88.npz,C 1 2 1 (No. 5),"{'a': 9.689158212197217, 'b': 12.595905675856383, 'c': 16.47156896073527, 'alpha': 90.0, 'beta': 109.0, 'gamma': 90.0, 'volume': 1900.7302278112945, 'n_atoms': 27}"
89.npz,P 1 21 1 (No. 4),"{'a': 6.663094140712389, 'b': 8.662022382926107, 'c': 11.327260039211062, 'alpha': 90.0, 'beta': 109.0, 'gamma': 90.0, 'volume': 618.1447527936098, 'n_atoms': 22}"
90.npz,P 1 21 1 (No. 4),"{'a': 5.8225878769813715, 'b': 7.5693642400757835, 'c': 9.898399390868331, 'alpha': 90.0, 'beta': 109.0, 'gamma': 90.0, 'volume': 412.4872172163693, 'n_atoms': 10}"
91.npz,C 1 2 1 (No. 5),"{'a': 8.842430308551169, 'b': 11.49515940111652, 'c': 15.032131524536986, 'alpha': 90.0, 'beta': 109.0, 'gamma': 90.0, 'volume': 1444.6986798099908, 'n_atoms': 20}"
92.npz,P 1 21 1 (No. 4),"{'a': 8.320201591909575, 'b': 10.816262069482448, 'c': 14.144342706246276, 'alpha': 90.0, 'beta': 109.0, 'gamma': 90.0, 'volume': 1203.549304268609, 'n_atoms': 29}"
93.npz,P 1 21 1 (No. 4),"{'a': 7.278542550573709, 'b': 9.462105315745822, 'c': 12.373522335975306, 'alpha': 90.0, 'beta': 109.0, 'gamma': 90.0, 'volume': 805.7412812590121, 'n_atoms': 24}"
94.npz,P 1 21 1 (No. 4),"{'a': 6.370972040047195, 'b': 8.282263652061355, 'c': 10.830652468080231, 'alpha': 90.0, 'beta': 109.0, 'gamma': 90.0, 'volume': 540.3553259947845, 'n_atoms': 18}"
95.npz,C 1 2 1 (No. 5),"{'a': 8.609794846362878, 'b': 11.19273330027174, 'c': 14.636651238816892, 'alpha': 90.0, 'beta': 109.0, 'gamma': 90.0, 'volume': 1333.646559061447, 'n_atoms': 21}"
96.npz,P 1 21 1 (No. 4),"{'a': 6.628299428483203, 'b': 8.616789257028165, 'c': 11.268109028421444, 'alpha': 90.0, 'beta': 109.0, 'gamma': 90.0, 'volume': 608.5113686302276, 'n_atoms': 15}"
97.npz,C 1 2 1 (No. 5),"{'a': 8.181893208035948, 'b': 10.636461170446733, 'c': 13.909218453661111, 'alpha': 90.0, 'beta': 109.0, 'gamma': 90.0, 'volume': 1144.5209828454826, 'n_atoms': 16}"
98.npz,C 1 2 1 (No. 5),"{'a': 9.794998034181521, 'b': 12.733497444435978, 'c': 16.651496658108584, 'alpha': 90.0, 'beta': 109.0, 'gamma': 90.0, 'volume': 1963.7011686412927, 'n_atoms': 27}"
99.npz,P 1 21 1 (No. 4),"{'a': 6.728112250399253, 'b': 8.74654592551903, 'c': 11.437790825678729, 'alpha': 90.0, 'beta': 109.0, 'gamma': 90.0, 'volume': 636.4173702068916, 'n_atoms': 17}"
100.npz,P 1 21 1 (No. 4),"{'a': 7.863344848362072, 'b': 10.222348302870694, 'c': 13.367686242215521, 'alpha': 90.0, 'beta': 109.0, 'gamma': 90.0, 'volume': 1015.978003915161, 'n_atoms': 28}"
101.npz,C 1 2 1 (No. 5),"{'a': 8.388129672714328, 'b': 10.904568574528627, 'c': 14.259820443614357, 'alpha': 90.0, 'beta': 109.0, 'gamma': 90.0, 'volume': 1233.2688039520483, 'n_atoms': 17}"
102.npz,C 1 2 1 (No. 5),"{'a': 7.583031514493918, 'b': 9.857940968842094, 'c': 12.89115357463966, 'alpha': 90.0, 'beta': 109.0, 'gamma': 90.0, 'volume': 911.152186576569, 'n_atoms': 14}"
103.npz,C 1 2 1 (No. 5),"{'a': 9.388258324033565, 'b': 12.204735821243634, 'c': 15.96003915085706, 'alpha': 90.0, 'beta': 109.0, 'gamma': 90.0, 'volume': 1729.0893348047066, 'n_atoms': 21}"
104.npz,P 1 21 1 (No. 4),"{'a': 7.851634136640788, 'b': 10.207124377633026, 'c': 13.34777803228934, 'alpha': 90.0, 'beta': 109.0, 'gamma': 90.0, 'volume': 1011.4455376301381, 'n_atoms': 28}"
105.npz,P 1 21 1 (No. 4),"{'a': 6.85877313447655, 'b': 8.916405074819515, 'c': 11.659914328610135, 'alpha': 90.0, 'beta': 109.0, 'gamma': 90.0, 'volume': 674.2200342147074, 'n_atoms': 23}"
106.npz,P 1 21 1 (No. 4),"{'a': 7.7300045641233215, 'b': 10.049005933360318, 'c': 13.141007759009646, 'alpha': 90.0, 'beta': 109.0, 'gamma': 90.0, 'volume': 965.1650566786495, 'n_atoms': 22}"
107.npz,C 1 2 1 (No. 5),"{'a': 6.9222992763316675, 'b': 8.998989059231167, 'c': 11.767908769763835, 'alpha': 90.0, 'beta': 109.0, 'gamma': 90.0, 'volume': 693.1280165523648, 'n_atoms': 11}"
108.npz,P 1 21 1 (No. 4),"{'a': 5.966490878600141, 'b': 7.756438142180184, 'c': 10.14303449362024, 'alpha': 90.0, 'beta': 109.0, 'gamma': 90.0, 'volume': 443.83268549849583, 'n_atoms': 15}"
109.npz,P 1 21 1 (No. 4),"{'a': 6.285829266043189, 'b': 8.171578045856146, 'c': 10.685909752273421, 'alpha': 90.0, 'beta': 109.0, 'gamma': 90.0, 'volume': 518.9793539020733, 'n_atoms': 14}"
110.npz,C 1 2 1 (No. 5),"{'a': 9.20567020979598, 'b': 11.967371272734773, 'c': 15.649639356653164, 'alpha': 90.0, 'beta': 109.0, 'gamma': 90.0, 'volume': 1630.1537831518597, 'n_atoms': 22}"
111.npz,C 1 2 1 (No. 5),"{'a': 8.39239767633596, 'b': 10.910116979236749, 'c': 14.267076049771132, 'alpha': 90.0, 'beta': 109.0, 'gamma': 90.0, 'volume': 1235.152277828681, 'n_atoms': 20}"
112.npz,P 1 21 1 (No. 4),"{'a': 5.294713905760668, 'b': 6.883128077488869, 'c': 9.001013639793136, 'alpha': 90.0, 'beta': 109.0, 'gamma': 90.0, 'volume': 310.1628898181722, 'n_atoms': 11}"
113.npz,C 1 2 1 (No. 5),"{'a': 8.560464171617548, 'b': 11.128603423102813, 'c': 14.552789091749831, 'alpha': 90.0, 'beta': 109.0, 'gamma': 90.0, 'volume': 1310.8538710173464, 'n_atoms': 15}"
114.npz,P 1 21 1 (No. 4),"{'a': 6.225894489110233, 'b': 8.093662835843302, 'c': 10.584020631487395, 'alpha': 90.0, 'beta': 109.0, 'gamma': 90.0, 'volume': 504.2751975561471, 'n_atoms': 12}"
115.npz,P 1 21 1 (No. 4),"{'a': 7.202314198944081, 'b': 9.363008458627306, 'c': 12.243934138204937, 'alpha': 90.0, 'beta': 109.0, 'gamma': 90.0, 'volume': 780.6898434301016, 'n_atoms': 22}"
116.npz,P 1 21 1 (No. 4),"{'a': 6.64994280343086, 'b': 8.644925644460118, 'c': 11.30490276583246, 'alpha': 90.0, 'beta': 109.0, 'gamma': 90.0, 'volume': 614.4917674141341, 'n_atoms': 20}"
117.npz,P 1 21 1 (No. 4),"{'a': 6.946816253837183, 'b': 9.030861129988338, 'c': 11.809587631523211, 'alpha': 90.0, 'beta': 109.0, 'gamma': 90.0, 'volume': 700.5187666050062, 'n_atoms': 21}"
118.npz,P 1 21 1 (No. 4),"{'a': 7.074662705693659, 'b': 9.197061517401757, 'c': 12.02692659967922, 'alpha': 90.0, 'beta': 109.0, 'gamma': 90.0, 'volume': 739.9111235207394, 'n_atoms': 23}"
119.npz,C 1 2 1 (No. 5),"{'a': 9.760540368520939, 'b': 12.688702479077222, 'c': 16.592918626485595, 'alpha': 90.0, 'beta': 109.0, 'gamma': 90.0, 'volume': 1943.049770501144, 'n_atoms': 23}"
120.npz,P 1 21 1 (No. 4),"{'a': 8.278781752062118, 'b': 10.762416277680753, 'c': 14.0739289785056, 'alpha': 90.0, 'beta': 109.0, 'gamma': 90.0, 'volume': 1185.6640179295791, 'n_atoms': 28}"
121.npz,P 1 21 1 (No. 4),"{'a': 6.440645665954897, 'b': 8.372839365741367, 'c': 10.949097632123324, 'alpha': 90.0, 'beta': 109.0, 'gamma': 90.0, 'volume': 558.2780591287809, 'n_atoms': 13}"
122.npz,P 1 21 1 (No. 4),"{'a': 6.3374461641247795, 'b': 8.238680013362213, 'c': 10.773658479012125, 'alpha': 90.0, 'beta': 109.0, 'gamma': 90.0, 'volume': 531.8696247149537, 'n_atoms': 14}"
123.npz,C 1 2 1 (No. 5),"{'a': 7.281663462275528, 'b': 9.466162500958188, 'c': 12.378827885868397, 'alpha': 90.0, 'beta': 109.0, 'gamma': 90.0, 'volume': 806.7781890328235, 'n_atoms': 10}"
124.npz,P 1 21 1 (No. 4),"{'a': 8.136443731347, 'b': 10.5773768507511, 'c': 13.831954343289901, 'alpha': 90.0, 'beta': 109.0, 'gamma': 90.0, 'volume': 1125.5536875862047, 'n_atoms': 26}"
125.npz,C 1 2 1 (No. 5),"{'a': 8.785207196265114, 'b': 11.42076935514465, 'c': 14.934852233650693, 'alpha': 90.0, 'beta': 109.0, 'gamma': 90.0, 'volume': 1416.8320258336653, 'n_atoms': 17}"
126.npz,C 1 2 1 (No. 5),"{'a': 7.824580433696272, 'b': 10.171954563805153, 'c': 13.301786737283662, 'alpha': 90.0, 'beta': 109.0, 'gamma': 90.0, 'volume': 1001.0263670245598, 'n_atoms': 12}"
127.npz,C 1 2 1 (No. 5),"{'a': 10.30757162511572, 'b': 13.399843112650437, 'c': 17.522871762696724, 'alpha': 90.0, 'beta': 109.0, 'gamma': 90.0, 'volume': 2288.397280493765, 'n_atoms': 28}"
128.npz,P 1 21 1 (No. 4),"{'a': 6.174154855798949, 'b': 8.026401312538633, 'c': 10.496063254858212, 'alpha': 90.0, 'beta': 109.0, 'gamma': 90.0, 'volume': 491.80721183919803, 'n_atoms': 15}"
129.npz,C 1 2 1 (No. 5),"{'a': 8.28212543923898, 'b': 10.766763071010674, 'c': 14.079613246706266, 'alpha': 90.0, 'beta': 109.0, 'gamma': 90.0, 'volume': 1187.1012188767108, 'n_atoms': 15}"
130.npz,C 1 2 1 (No. 5),"{'a': 7.462535756666379, 'b': 9.701296483666294, 'c': 12.686310786332845, 'alpha': 90.0, 'beta': 109.0, 'gamma': 90.0, 'volume': 868.403598165417, 'n_atoms': 10}"
131.npz,P 1 21 1 (No. 4),"{'a': 7.72648948322861, 'b': 10.044436328197193, 'c': 13.135032121488637, 'alpha': 90.0, 'beta': 109.0, 'gamma': 90.0, 'volume': 963.8489808403044, 'n_atoms': 29}"
132.npz,C 1 2 1 (No. 5),"{'a': 9.034027714604882, 'b': 11.744236028986347, 'c': 15.3578471148283, 'alpha': 90.0, 'beta': 109.0, 'gamma': 90.0, 'volume': 1540.6592464133123, 'n_atoms': 26}"
133.npz,P 1 21 1 (No. 4),"{'a': 6.439295002258664, 'b': 8.371083502936264, 'c': 10.946801503839728, 'alpha': 90.0, 'beta': 109.0, 'gamma': 90.0, 'volume': 557.9269043720049, 'n_atoms': 17}"
134.npz,C 1 2 1 (No. 5),"{'a': 8.66983253750554, 'b': 11.270782298757203, 'c': 14.738715313759418, 'alpha': 90.0, 'beta': 109.0, 'gamma': 90.0, 'volume': 1361.740850202568, 'n_atoms': 16}"
135.npz,C 1 2 1 (No. 5),"{'a': 8.334632994730637, 'b': 10.835022893149828, 'c': 14.168876091042081, 'alpha': 90.0, 'beta': 109.0, 'gamma': 90.0, 'volume': 1209.8228476835222, 'n_atoms': 14}"
136.npz,P 1 21 1 (No. 4),"{'a': 5.592498864491958, 'b': 7.270248523839546, 'c': 9.507248069636328, 'alpha': 90.0, 'beta': 109.0, 'gamma': 90.0, 'volume': 365.4938324624556, 'n_atoms': 11}"
137.npz,P 1 21 1 (No. 4),"{'a': 7.34145464828799, 'b': 9.543891042774387, 'c': 12.480472902089582, 'alpha': 90.0, 'beta': 109.0, 'gamma': 90.0, 'volume': 826.8156720101766, 'n_atoms': 29}"
138.npz,C 1 2 1 (No. 5),"{'a': 7.291348637288656, 'b': 9.478753228475252, 'c': 12.395292683390714, 'alpha': 90.0, 'beta': 109.0, 'gamma': 90.0, 'volume': 810.0017047367296, 'n_atoms': 11}"
139.npz,P 1 21 1 (No. 4),"{'a': 7.928855797066723, 'b': 10.30751253618674, 'c': 13.479054855013429, 'alpha': 90.0, 'beta': 109.0, 'gamma': 90.0, 'volume': 1041.5830339058734, 'n_atoms': 25}"
140.npz,C 1 2 1 (No. 5),"{'a': 9.553581694180297, 'b': 12.419656202434386, 'c': 16.241088880106503, 'alpha': 90.0, 'beta': 109.0, 'gamma': 90.0, 'volume': 1822.0529936971852, 'n_atoms': 28}"
141.npz,C 1 2 1 (No. 5),"{'a': 7.4529023382179815, 'b': 9.688773039683376, 'c': 12.669933974970569, 'alpha': 90.0, 'beta': 109.0, 'gamma': 90.0, 'volume': 865.0448602570871, 'n_atoms': 10}"
142.npz,P 1 21 1 (No. 4),"{'a': 7.0067282019552435, 'b': 9.108746662541817, 'c': 11.911437943323914, 'alpha': 90.0, 'beta': 109.0, 'gamma': 90.0, 'volume': 718.8001389210497, 'n_atoms': 18}"
143.npz,P 1 21 1 (No. 4),"{'a': 6.172019720307767, 'b': 8.023625636400098, 'c': 10.492433524523204, 'alpha': 90.0, 'beta': 109.0, 'gamma': 90.0, 'volume': 491.29716052169533, 'n_atoms': 13}"
144.npz,P 1 21 1 (No. 4),"{'a': 7.520385497237664, 'b': 9.776501146408963, 'c': 12.784655345304028, 'alpha': 90.0, 'beta': 109.0, 'gamma': 90.0, 'volume': 888.7562109575292, 'n_atoms': 21}"
145.npz,P 1 21 1 (No. 4),"{'a': 7.539007788939069, 'b': 9.80071012562079, 'c': 12.816313241196418, 'alpha': 90.0, 'beta': 109.0, 'gamma': 90.0, 'volume': 895.3748988118374, 'n_atoms': 27}"
146.npz,P 1 21 1 (No. 4),"{'a': 6.646639161804002, 'b': 8.640630910345202, 'c': 11.299286575066803, 'alpha': 90.0, 'beta': 109.0, 'gamma': 90.0, 'volume': 613.5763976326199, 'n_atoms': 17}"
147.npz,C 1 2 1 (No. 5),"{'a': 9.49849074475145, 'b': 12.348037968176886, 'c': 16.147434266077465, 'alpha': 90.0, 'beta': 109.0, 'gamma': 90.0, 'volume': 1790.7136773654063, 'n_atoms': 27}"
148.npz,C 1 2 1 (No. 5),"{'a': 10.47979012314652, 'b': 13.623727160090477, 'c': 17.815643209349084, 'alpha': 90.0, 'beta': 109.0, 'gamma': 90.0, 'volume': 2405.0277660351258, 'n_atoms': 28}"
149.npz,P 1 21 1 (No. 4),"{'a': 6.719104895926432, 'b': 8.734836364704362, 'c': 11.422478323074934, 'alpha': 90.0, 'beta': 109.0, 'gamma': 90.0, 'volume': 633.8647526177231, 'n_atoms': 16}"
150.npz,P 1 21 1 (No. 4),"{'a': 6.116610615041553, 'b': 7.951593799554019, 'c': 10.39823804557064, 'alpha': 90.0, 'beta': 109.0, 'gamma': 90.0, 'volume': 478.18378062241845, 'n_atoms': 13}"
151.npz,C 1 2 1 (No. 5),"{'a': 10.383788050070693, 'b': 13.498924465091902, 'c': 17.65243968512018, 'alpha': 90.0, 'beta': 109.0, 'gamma': 90.0, 'volume': 2339.5362768555115, 'n_atoms': 27}"
152.npz,C 1 2 1 (No. 5),"{'a': 7.107278647177321, 'b': 9.239462241330518, 'c': 12.082373700201444, 'alpha': 90.0, 'beta': 109.0, 'gamma': 90.0, 'volume': 750.1918938597593, 'n_atoms': 11}"
153.npz,C 1 2 1 (No. 5),"{'a': 7.462839624886554, 'b': 9.70169151235252, 'c': 12.686827362307142, 'alpha': 90.0, 'beta': 109.0, 'gamma': 90.0, 'volume': 868.5096844916344, 'n_atoms': 10}"
154.npz,P 1 21 1 (No. 4),"{'a': 8.42865294014271, 'b': 10.957248822185523, 'c': 14.328709998242607, 'alpha': 90.0, 'beta': 109.0, 'gamma': 90.0, 'volume': 1251.2291507847588, 'n_atoms': 29}"
155.npz,C 1 2 1 (No. 5),"{'a': 10.20029476476173, 'b': 13.26038319419025, 'c': 17.340501100094944, 'alpha': 90.0, 'beta': 109.0, 'gamma': 90.0, 'volume': 2217.6882997543935, 'n_atoms': 28}"
156.npz,P 1 21 1 (No. 4),"{'a': 6.721339526516525, 'b': 8.737741384471482, 'c': 11.426277195078093, 'alpha': 90.0, 'beta': 109.0, 'gamma': 90.0, 'volume': 634.4973925552662, 'n_atoms': 16}"
157.npz,P 1 21 1 (No. 4),"{'a': 7.676448605862154, 'b': 9.979383187620801, 'c': 13.04996262996566, 'alpha': 90.0, 'beta': 109.0, 'gamma': 90.0, 'volume': 945.2428022329718, 'n_atoms': 23}"
158.npz,P 1 21 1 (No. 4),"{'a': 6.8642825869107025, 'b': 8.923567362983913, 'c': 11.669280397748194, 'alpha': 90.0, 'beta': 109.0, 'gamma': 90.0, 'volume': 675.8460835464477, 'n_atoms': 19}"
159.npz,P 1 21 1 (No. 4),"{'a': 6.953632571092467, 'b': 9.039722342420207, 'c': 11.821175370857194, 'alpha': 90.0, 'beta': 109.0, 'gamma': 90.0, 'volume': 702.5828682478424, 'n_atoms': 23}"
160.npz,C 1 2 1 (No. 5),"{'a': 8.297162922946237, 'b': 10.78631179983011, 'c': 14.105176969008602, 'alpha': 90.0, 'beta': 109.0, 'gamma': 90.0, 'volume': 1193.579065513754, 'n_atoms': 17}"
161.npz,C 1 2 1 (No. 5),"{'a': 8.818646927259183, 'b': 11.464241005436937, 'c': 14.99169977634061, 'alpha': 90.0, 'beta': 109.0, 'gamma': 90.0, 'volume': 1433.072639000533, 'n_atoms': 23}"
162.npz,P 1 21 1 (No. 4),"{'a': 6.235828260159193, 'b': 8.10657673820695, 'c': 10.600908042270627, 'alpha': 90.0, 'beta': 109.0, 'gamma': 90.0, 'volume': 506.6928507927422, 'n_atoms': 13}"
163.npz,P 1 21 1 (No. 4),"{'a': 6.108847533981756, 'b': 7.941501794176283, 'c': 10.385040807768984, 'alpha': 90.0, 'beta': 109.0, 'gamma': 90.0, 'volume': 476.3653862930944, 'n_atoms': 14}"
164.npz,P 1 21 1 (No. 4),"{'a': 6.592753581054041, 'b': 8.570579655370254, 'c': 11.20768108779187, 'alpha': 90.0, 'beta': 109.0, 'gamma': 90.0, 'volume': 598.7739102503565, 'n_atoms': 16}"
165.npz,C 1 2 1 (No. 5),"{'a': 6.795354490441053, 'b': 8.833960837573368, 'c': 11.55210263374979, 'alpha': 90.0, 'beta': 109.0, 'gamma': 90.0, 'volume': 655.6901974602036, 'n_atoms': 11}"
166.npz,C 1 2 1 (No. 5),"{'a': 9.38957061198667, 'b': 12.206441795582672, 'c': 15.962270040377339, 'alpha': 90.0, 'beta': 109.0, 'gamma': 90.0, 'volume': 1729.8145109372722, 'n_atoms': 26}"
167.npz,C 1 2 1 (No. 5),"{'a': 7.728840826622809, 'b': 10.047493074609653, 'c': 13.139029405258775, 'alpha': 90.0, 'beta': 109.0, 'gamma': 90.0, 'volume': 964.7292110044189, 'n_atoms': 13}"
168.npz,P 1 21 1 (No. 4),"{'a': 6.760020905191634, 'b': 8.788027176749123, 'c': 11.492035538825776, 'alpha': 90.0, 'beta': 109.0, 'gamma': 90.0, 'volume': 645.5151746520766, 'n_atoms': 21}"
169.npz,C 1 2 1 (No. 5),"{'a': 7.652888240038159, 'b': 9.948754712049608, 'c': 13.00991000806487, 'alpha': 90.0, 'beta': 109.0, 'gamma': 90.0, 'volume': 936.5661396518873, 'n_atoms': 14}"
170.npz,P 1 21 1 (No. 4),"{'a': 6.452009376122579, 'b': 8.387612188959352, 'c': 10.968415939408384, 'alpha': 90.0, 'beta': 109.0, 'gamma': 90.0, 'volume': 561.2383104862633, 'n_atoms': 19}"
171.npz,C 1 2 1 (No. 5),"{'a': 6.536888876717907, 'b': 8.49795553973328, 'c': 11.112711090420442, 'alpha': 90.0, 'beta': 109.0, 'gamma': 90.0, 'volume': 583.6811203243619, 'n_atoms': 10}"
172.npz,P 1 21 1 (No. 4),"{'a': 5.883400497795476, 'b': 7.6484206471341185, 'c': 10.00178084625231, 'alpha': 90.0, 'beta': 109.0, 'gamma': 90.0, 'volume': 425.5470436973195, 'n_atoms': 12}"
173.npz,P 1 21 1 (No. 4),"{'a': 6.3760649576431465, 'b': 8.288884444936091, 'c': 10.839310427993349, 'alpha': 90.0, 'beta': 109.0, 'gamma': 90.0, 'volume': 541.652232795252, 'n_atoms': 13}"
174.npz,C 1 2 1 (No. 5),"{'a': 10.31622084505346, 'b': 13.411087098569498, 'c': 17.53757543659088, 'alpha': 90.0, 'beta': 109.0, 'gamma': 90.0, 'volume': 2294.1627891490652, 'n_atoms': 28}"
175.npz,C 1 2 1 (No. 5),"{'a': 9.482644195026994, 'b': 12.327437453535094, 'c': 16.12049513154589, 'alpha': 90.0, 'beta': 109.0, 'gamma': 90.0, 'volume': 1781.766155375446, 'n_atoms': 23}"
176.npz,C 1 2 1 (No. 5),"{'a': 9.046669370691223, 'b': 11.76067018189859, 'c': 15.37933793017508, 'alpha': 90.0, 'beta': 109.0, 'gamma': 90.0, 'volume': 1547.1360091092233, 'n_atoms': 21}"
177.npz,P 1 21 1 (No. 4),"{'a': 7.28519831892638, 'b': 9.470757814604294, 'c': 12.384837142174845, 'alpha': 90.0, 'beta': 109.0, 'gamma': 90.0, 'volume': 807.9537019786563, 'n_atoms': 23}"
178.npz,P 1 21 1 (No. 4),"{'a': 7.991497345437492, 'b': 10.38894654906874, 'c': 13.585545487243735, 'alpha': 90.0, 'beta': 109.0, 'gamma': 90.0, 'volume': 1066.4655172267853, 'n_atoms': 28}"
179.npz,P 1 21 1 (No. 4),"{'a': 7.347262442632791, 'b': 9.551441175422628, 'c': 12.490346152475743, 'alpha': 90.0, 'beta': 109.0, 'gamma': 90.0, 'volume': 828.7794961181615, 'n_atoms': 19}"
180.npz,P 1 21 1 (No. 4),"{'a': 6.647189113255334, 'b': 8.641345847231934, 'c': 11.300221492534067, 'alpha': 90.0, 'beta': 109.0, 'gamma': 90.0, 'volume': 613.7287145297428, 'n_atoms': 18}"
181.npz,C 1 2 1 (No. 5),"{'a': 8.33907798405813, 'b': 10.84080137927557, 'c': 14.176432572898822, 'alpha': 90.0, 'beta': 109.0, 'gamma': 90.0, 'volume': 1211.7595321698716, 'n_atoms': 14}"
182.npz,C 1 2 1 (No. 5),"{'a': 8.348607487608648, 'b': 10.853189733891243, 'c': 14.1926327289347, 'alpha': 90.0, 'beta': 109.0, 'gamma': 90.0, 'volume': 1215.9185055160378, 'n_atoms': 15}"
183.npz,C 1 2 1 (No. 5),"{'a': 10.346600283831854, 'b': 13.450580368981411, 'c': 17.58922048251415, 'alpha': 90.0, 'beta': 109.0, 'gamma': 90.0, 'volume': 2314.4902388121263, 'n_atoms': 28}"
184.npz,P 1 21 1 (No. 4),"{'a': 5.677984085786171, 'b': 7.381379311522023, 'c': 9.652572945836491, 'alpha': 90.0, 'beta': 109.0, 'gamma': 90.0, 'volume': 382.5118130430063, 'n_atoms': 11}"
185.npz,P 1 21 1 (No. 4),"{'a': 7.3970235793532035, 'b': 9.616130653159164, 'c': 12.574940084900446, 'alpha': 90.0, 'beta': 109.0, 'gamma': 90.0, 'volume': 845.7331392895744, 'n_atoms': 26}"
186.npz,C 1 2 1 (No. 5),"{'a': 9.800090172468, 'b': 12.7401172242084, 'c': 16.6601532931956, 'alpha': 90.0, 'beta': 109.0, 'gamma': 90.0, 'volume': 1966.7653766760484, 'n_atoms': 25}"
187.npz,P 1 21 1 (No. 4),"{'a': 6.62412320216507, 'b': 8.611360162814591, 'c': 11.261009443680617, 'alpha': 90.0, 'beta': 109.0, 'gamma': 90.0, 'volume': 607.3618971572137, 'n_atoms': 20}"
188.npz,C 1 2 1 (No. 5),"{'a': 8.229593609891362, 'b': 10.69847169285877, 'c': 13.990309136815315, 'alpha': 90.0, 'beta': 109.0, 'gamma': 90.0, 'volume': 1164.6555695639709, 'n_atoms': 17}"
189.npz,C 1 2 1 (No. 5),"{'a': 9.694201267439423, 'b': 12.60246164767125, 'c': 16.48014215464702, 'alpha': 90.0, 'beta': 109.0, 'gamma': 90.0, 'volume': 1903.6996738533167, 'n_atoms': 22}"
190.npz,C 1 2 1 (No. 5),"{'a': 9.324406811447693, 'b': 12.121728854882, 'c': 15.851491579461078, 'alpha': 90.0, 'beta': 109.0, 'gamma': 90.0, 'volume': 1694.049038527568, 'n_atoms': 23}"
191.npz,P 1 21 1 (No. 4),"{'a': 5.383094289171376, 'b': 6.998022575922788, 'c': 9.151260291591338, 'alpha': 90.0, 'beta': 109.0, 'gamma': 90.0, 'volume': 325.95548969141834, 'n_atoms': 10}"
192.npz,P 1 21 1 (No. 4),"{'a': 5.3201544166807775, 'b': 6.916200741685011, 'c': 9.044262508357322, 'alpha': 90.0, 'beta': 109.0, 'gamma': 90.0, 'volume': 314.65530085146014, 'n_atoms': 10}"
193.npz,P 1 21 1 (No. 4),"{'a': 6.268910697364937, 'b': 8.149583906574419, 'c': 10.657148185520393, 'alpha': 90.0, 'beta': 109.0, 'gamma': 90.0, 'volume': 514.8000598592952, 'n_atoms': 12}"
194.npz,P 1 21 1 (No. 4),"{'a': 5.619937316326385, 'b': 7.3059185112243, 'c': 9.553893437754853, 'alpha': 90.0, 'beta': 109.0, 'gamma': 90.0, 'volume': 370.8999320421992, 'n_atoms': 12}"
195.npz,C 1 2 1 (No. 5),"{'a': 10.1965823358348, 'b': 13.25555703658524, 'c': 17.33418997091916, 'alpha': 90.0, 'beta': 109.0, 'gamma': 90.0, 'volume': 2215.26777731304, 'n_atoms': 27}"
196.npz,C 1 2 1 (No. 5),"{'a': 10.393607677375275, 'b': 13.511689980587859, 'c': 17.66913305153797, 'alpha': 90.0, 'beta': 109.0, 'gamma': 90.0, 'volume': 2346.1798368698664, 'n_atoms': 28}"
197.npz,C 1 2 1 (No. 5),"{'a': 9.045802869442502, 'b': 11.759543730275253, 'c': 15.377864878052254, 'alpha': 90.0, 'beta': 109.0, 'gamma': 90.0, 'volume': 1546.6914918523887, 'n_atoms': 21}"
198.npz,C 1 2 1 (No. 5),"{'a': 8.607668138879113, 'b': 11.189968580542848, 'c': 14.633035836094491, 'alpha': 90.0, 'beta': 109.0, 'gamma': 90.0, 'volume': 1332.6585300885524, 'n_atoms': 17}"
199.npz,C 1 2 1 (No. 5),"{'a': 8.57973658227451, 'b': 11.153657556956864, 'c': 14.585552189866666, 'alpha': 90.0, 'beta': 109.0, 'gamma': 90.0, 'volume': 1319.7273032127976, 'n_atoms': 20}"
200.npz,C 1 2 1 (No. 5),"{'a': 9.043951951034911, 'b': 11.757137536345384, 'c': 15.374718316759349, 'alpha': 90.0, 'beta': 109.0, 'gamma': 90.0, 'volume': 1545.7422513950182, 'n_atoms': 21}"
201.npz,C 1 2 1 (No. 5),"{'a': 9.902971298539901, 'b': 12.873862688101871, 'c': 16.835051207517832, 'alpha': 90.0, 'beta': 109.0, 'gamma': 90.0, 'volume': 2029.359085191115, 'n_atoms': 24}"
202.npz,C 1 2 1 (No. 5),"{'a': 7.86924251080768, 'b': 10.230015264049984, 'c': 13.377712268373054, 'alpha': 90.0, 'beta': 109.0, 'gamma': 90.0, 'volume': 1018.2657290234148, 'n_atoms': 13}"
203.npz,C 1 2 1 (No. 5),"{'a': 10.450555051644988, 'b': 13.585721567138485, 'c': 17.765943587796478, 'alpha': 90.0, 'beta': 109.0, 'gamma': 90.0, 'volume': 2384.9562199710276, 'n_atoms': 28}"
204.npz,P 1 21 1 (No. 4),"{'a': 7.553927826177393, 'b': 9.820106174030611, 'c': 12.841677304501568, 'alpha': 90.0, 'beta': 109.0, 'gamma': 90.0, 'volume': 900.7013884903408, 'n_atoms': 21}"
205.npz,P 1 21 1 (No. 4),"{'a': 7.904548625377207, 'b': 10.27591321299037, 'c': 13.43773266314125, 'alpha': 90.0, 'beta': 109.0, 'gamma': 90.0, 'volume': 1032.0329545172792, 'n_atoms': 29}"
206.npz,C 1 2 1 (No. 5),"{'a': 8.057658903907695, 'b': 10.474956575080004, 'c': 13.698020136643082, 'alpha': 90.0, 'beta': 109.0, 'gamma': 90.0, 'volume': 1093.173199424422, 'n_atoms': 16}"
207.npz,P 1 21 1 (No. 4),"{'a': 7.071186809126985, 'b': 9.192542851865081, 'c': 12.021017575515874, 'alpha': 90.0, 'beta': 109.0, 'gamma': 90.0, 'volume': 738.8210682401235, 'n_atoms': 17}"
208.npz,C 1 2 1 (No. 5),"{'a': 7.283237126584701, 'b': 9.468208264560111, 'c': 12.381503115193992, 'alpha': 90.0, 'beta': 109.0, 'gamma': 90.0, 'volume': 807.3013685692846, 'n_atoms': 10}"
209.npz,P 1 21 1 (No. 4),"{'a': 7.644114543752311, 'b': 9.937348906878004, 'c': 12.994994724378929, 'alpha': 90.0, 'beta': 109.0, 'gamma': 90.0, 'volume': 933.3486368177214, 'n_atoms': 22}"
210.npz,P 1 21 1 (No. 4),"{'a': 7.481326660628601, 'b': 9.725724658817182, 'c': 12.718255323068622, 'alpha': 90.0, 'beta': 109.0, 'gamma': 90.0, 'volume': 874.9801345217392, 'n_atoms': 21}"
211.npz,P 1 21 1 (No. 4),"{'a': 7.711460809873938, 'b': 10.02489905283612, 'c': 13.109483376785695, 'alpha': 90.0, 'beta': 109.0, 'gamma': 90.0, 'volume': 958.235610941799, 'n_atoms': 27}"
212.npz,P 1 21 1 (No. 4),"{'a': 7.324804247435405, 'b': 9.522245521666028, 'c': 12.452167220640188, 'alpha': 90.0, 'beta': 109.0, 'gamma': 90.0, 'volume': 821.202773666448, 'n_atoms': 29}"
213.npz,P 1 21 1 (No. 4),"{'a': 7.598915246430815, 'b': 9.87858982036006, 'c': 12.918155918932385, 'alpha': 90.0, 'beta': 109.0, 'gamma': 90.0, 'volume': 916.8897993963101, 'n_atoms': 28}"
214.npz,P 1 21 1 (No. 4),"{'a': 7.997685402019724, 'b': 10.396991022625642, 'c': 13.59606518343353, 'alpha': 90.0, 'beta': 109.0, 'gamma': 90.0, 'volume': 1068.944824947727, 'n_atoms': 25}"
215.npz,P 1 21 1 (No. 4),"{'a': 5.603218936284813, 'b': 7.284184617170258, 'c': 9.525472191684182, 'alpha': 90.0, 'beta': 109.0, 'gamma': 90.0, 'volume': 367.5996721933343, 'n_atoms': 10}"
216.npz,P 1 21 1 (No. 4),"{'a': 5.8592139913711065, 'b': 7.616978188782439, 'c': 9.960663785330881, 'alpha': 90.0, 'beta': 109.0, 'gamma': 90.0, 'volume': 420.32035101836055, 'n_atoms': 14}"
217.npz,C 1 2 1 (No. 5),"{'a': 8.188830335168944, 'b': 10.645479435719627, 'c': 13.921011569787206, 'alpha': 90.0, 'beta': 109.0, 'gamma': 90.0, 'volume': 1147.434643914403, 'n_atoms': 18}"
218.npz,C 1 2 1 (No. 5),"{'a': 7.437292546634531, 'b': 9.66848031062489, 'c': 12.643397329278702, 'alpha': 90.0, 'beta': 109.0, 'gamma': 90.0, 'volume': 859.6208359150662, 'n_atoms': 13}"
219.npz,P 1 21 1 (No. 4),"{'a': 6.022731356371442, 'b': 7.8295507632828745, 'c': 10.23864330583145, 'alpha': 90.0, 'beta': 109.0, 'gamma': 90.0, 'volume': 456.5021369099366, 'n_atoms': 12}"
220.npz,C 1 2 1 (No. 5),"{'a': 6.882460126379642, 'b': 8.947198164293535, 'c': 11.700182214845391, 'alpha': 90.0, 'beta': 109.0, 'gamma': 90.0, 'volume': 681.2295072288578, 'n_atoms': 12}"
221.npz,P 1 21 1 (No. 4),"{'a': 7.733008097600632, 'b': 10.052910526880822, 'c': 13.146113765921074, 'alpha': 90.0, 'beta': 109.0, 'gamma': 90.0, 'volume': 966.2905535909196, 'n_atoms': 26}"
222.npz,P 1 21 1 (No. 4),"{'a': 6.286514985692539, 'b': 8.1724694814003, 'c': 10.687075475677315, 'alpha': 90.0, 'beta': 109.0, 'gamma': 90.0, 'volume': 519.149218441424, 'n_atoms': 17}"
223.npz,C 1 2 1 (No. 5),"{'a': 7.813445562365117, 'b': 10.157479231074653, 'c': 13.282857456020698, 'alpha': 90.0, 'beta': 109.0, 'gamma': 90.0, 'volume': 996.7588747825345, 'n_atoms': 13}"
224.npz,C 1 2 1 (No. 5),"{'a': 8.241840419619583, 'b': 10.71439254550546, 'c': 14.01112871335329, 'alpha': 90.0, 'beta': 109.0, 'gamma': 90.0, 'volume': 1169.8628321144636, 'n_atoms': 15}"
225.npz,C 1 2 1 (No. 5),"{'a': 8.097640949220303, 'b': 10.526933233986394, 'c': 13.765989613674513, 'alpha': 90.0, 'beta': 109.0, 'gamma': 90.0, 'volume': 1109.5270318233895, 'n_atoms': 16}"
226.npz,C 1 2 1 (No. 5),"{'a': 9.023438635258916, 'b': 11.73047022583659, 'c': 15.339845679940158, 'alpha': 90.0, 'beta': 109.0, 'gamma': 90.0, 'volume': 1535.2480227728365, 'n_atoms': 21}"
227.npz,C 1 2 1 (No. 5),"{'a': 8.380949889780265, 'b': 10.895234856714344, 'c': 14.24761481262645, 'alpha': 90.0, 'beta': 109.0, 'gamma': 90.0, 'volume': 1230.1046806869624, 'n_atoms': 20}"
228.npz,P 1 21 1 (No. 4),"{'a': 7.437010558719091, 'b': 9.66811372633482, 'c': 12.642917949822454, 'alpha': 90.0, 'beta': 109.0, 'gamma': 90.0, 'volume': 859.5230610210212, 'n_atoms': 21}"
229.npz,P 1 21 1 (No. 4),"{'a': 7.585189610800713, 'b': 9.860746494040926, 'c': 12.894822338361212, 'alpha': 90.0, 'beta': 109.0, 'gamma': 90.0, 'volume': 911.9303373070127, 'n_atoms': 23}"
230.npz,C 1 2 1 (No. 5),"{'a': 8.923709688460903, 'b': 11.600822594999174, 'c': 15.170306470383535, 'alpha': 90.0, 'beta': 109.0, 'gamma': 90.0, 'volume': 1484.9048932774112, 'n_atoms': 21}"
231.npz,C 1 2 1 (No. 5),"{'a': 6.825059241165581, 'b': 8.872577013515256, 'c': 11.602600709981488, 'alpha': 90.0, 'beta': 109.0, 'gamma': 90.0, 'volume': 664.3265587657155, 'n_atoms': 11}"
232.npz,C 1 2 1 (No. 5),"{'a': 9.941565537409469, 'b': 12.92403519863231, 'c': 16.900661413596097, 'alpha': 90.0, 'beta': 109.0, 'gamma': 90.0, 'volume': 2053.1783616270786, 'n_atoms': 27}"
233.npz,C 1 2 1 (No. 5),"{'a': 8.415884367543844, 'b': 10.940649677806999, 'c': 14.307003424824535, 'alpha': 90.0, 'beta': 109.0, 'gamma': 90.0, 'volume': 1245.5512969537742, 'n_atoms': 19}"
234.npz,P 1 21 1 (No. 4),"{'a': 6.379706709796277, 'b': 8.293618722735161, 'c': 10.845501406653671, 'alpha': 90.0, 'beta': 109.0, 'gamma': 90.0, 'volume': 542.5808729807676, 'n_atoms': 15}"
235.npz,P 1 21 1 (No. 4),"{'a': 7.818029761986568, 'b': 10.16343869058254, 'c': 13.290650595377166, 'alpha': 90.0, 'beta': 109.0, 'gamma': 90.0, 'volume': 998.5143191662813, 'n_atoms': 24}"
236.npz,C 1 2 1 (No. 5),"{'a': 8.979626844005953, 'b': 11.673514897207738, 'c': 15.26536563481012, 'alpha': 90.0, 'beta': 109.0, 'gamma': 90.0, 'volume': 1512.9940069916204, 'n_atoms': 18}"
237.npz,P 1 21 1 (No. 4),"{'a': 7.326618145653922, 'b': 9.524603589350098, 'c': 12.455250847611666, 'alpha': 90.0, 'beta': 109.0, 'gamma': 90.0, 'volume': 821.8130072389042, 'n_atoms': 27}"
238.npz,C 1 2 1 (No. 5),"{'a': 9.406532231713902, 'b': 12.228491901228074, 'c': 15.991104793913632, 'alpha': 90.0, 'beta': 109.0, 'gamma': 90.0, 'volume': 1739.205831562288, 'n_atoms': 23}"
239.npz,P 1 21 1 (No. 4),"{'a': 6.869826140061565, 'b': 8.930773982080035, 'c': 11.67870443810466, 'alpha': 90.0, 'beta': 109.0, 'gamma': 90.0, 'volume': 677.4848339221971, 'n_atoms': 20}"
240.npz,C 1 2 1 (No. 5),"{'a': 9.235382079354077, 'b': 12.0059967031603, 'c': 15.70014953490193, 'alpha': 90.0, 'beta': 109.0, 'gamma': 90.0, 'volume': 1645.989048915894, 'n_atoms': 28}"
241.npz,C 1 2 1 (No. 5),"{'a': 7.120442132435597, 'b': 9.256574772166276, 'c': 12.104751625140516, 'alpha': 90.0, 'beta': 109.0, 'gamma': 90.0, 'volume': 754.3679399653455, 'n_atoms': 10}"
242.npz,P 1 21 1 (No. 4),"{'a': 8.319001354908421, 'b': 10.814701761380947, 'c': 14.142302303344316, 'alpha': 90.0, 'beta': 109.0, 'gamma': 90.0, 'volume': 1203.0285226440617, 'n_atoms': 28}"
243.npz,P 1 21 1 (No. 4),"{'a': 7.346883799730855, 'b': 9.550948939650112, 'c': 12.489702459542453, 'alpha': 90.0, 'beta': 109.0, 'gamma': 90.0, 'volume': 828.6513686813695, 'n_atoms': 27}"
244.npz,P 1 21 1 (No. 4),"{'a': 7.113525326575945, 'b': 9.247582924548729, 'c': 12.092993055179106, 'alpha': 90.0, 'beta': 109.0, 'gamma': 90.0, 'volume': 752.171693072845, 'n_atoms': 19}"
245.npz,C 1 2 1 (No. 5),"{'a': 7.10199460634162, 'b': 9.232592988244106, 'c': 12.073390830780754, 'alpha': 90.0, 'beta': 109.0, 'gamma': 90.0, 'volume': 748.5199044592649, 'n_atoms': 10}"
246.npz,P 1 21 1 (No. 4),"{'a': 6.991635816286565, 'b': 9.089126561172534, 'c': 11.88578088768716, 'alpha': 90.0, 'beta': 109.0, 'gamma': 90.0, 'volume': 714.1652830766809, 'n_atoms': 18}"
247.npz,C 1 2 1 (No. 5),"{'a': 8.411336527260232, 'b': 10.934737485438303, 'c': 14.299272096342394, 'alpha': 90.0, 'beta': 109.0, 'gamma': 90.0, 'volume': 1243.5331461790963, 'n_atoms': 16}"
248.npz,C 1 2 1 (No. 5),"{'a': 8.519362113028937, 'b': 11.075170746937617, 'c': 14.482915592149192, 'alpha': 90.0, 'beta': 109.0, 'gamma': 90.0, 'volume': 1292.0626537789694, 'n_atoms': 17}"
249.npz,P 1 21 1 (No. 4),"{'a': 7.187579814973972, 'b': 9.343853759466164, 'c': 12.218885685455753, 'alpha': 90.0, 'beta': 109.0, 'gamma': 90.0, 'volume': 775.9082689179394, 'n_atoms': 20}"
250.npz,C 1 2 1 (No. 5),"{'a': 7.107238624084892, 'b': 9.23941021131036, 'c': 12.082305660944316, 'alpha': 90.0, 'beta': 109.0, 'gamma': 90.0, 'volume': 750.1792203041333, 'n_atoms': 13}"
251.npz,C 1 2 1 (No. 5),"{'a': 7.637692664808865, 'b': 9.929000464251525, 'c': 12.984077530175071, 'alpha': 90.0, 'beta': 109.0, 'gamma': 90.0, 'volume': 930.9982725527349, 'n_atoms': 14}"
252.npz,C 1 2 1 (No. 5),"{'a': 7.907571597563369, 'b': 10.27984307683238, 'c': 13.442871715857727, 'alpha': 90.0, 'beta': 109.0, 'gamma': 90.0, 'volume': 1033.217462452603, 'n_atoms': 17}"
253.npz,C 1 2 1 (No. 5),"{'a': 9.62308839830661, 'b': 12.510014917798593, 'c': 16.359250277121237, 'alpha': 90.0, 'beta': 109.0, 'gamma': 90.0, 'volume': 1862.111854410072, 'n_atoms': 22}"
254.npz,P 1 21 1 (No. 4),"{'a': 7.142451913245041, 'b': 9.285187487218554, 'c': 12.14216825251657, 'alpha': 90.0, 'beta': 109.0, 'gamma': 90.0, 'volume': 761.3849965187411, 'n_atoms': 27}"
255.npz,P 1 21 1 (No. 4),"{'a': 6.36988871643125, 'b': 8.280855331360625, 'c': 10.828810817933125, 'alpha': 90.0, 'beta': 109.0, 'gamma': 90.0, 'volume': 540.0797259061346, 'n_atoms': 17}"
256.npz,P 1 21 1 (No. 4),"{'a': 6.223262982856652, 'b': 8.090241877713648, 'c': 10.579547070856309, 'alpha': 90.0, 'beta': 109.0, 'gamma': 90.0, 'volume': 503.63603998714825, 'n_atoms': 12}"
257.npz,P 1 21 1 (No. 4),"{'a': 8.09263837216935, 'b': 10.520429883820157, 'c': 13.757485232687895, 'alpha': 90.0, 'beta': 109.0, 'gamma': 90.0, 'volume': 1107.471964349298, 'n_atoms': 28}"
258.npz,C 1 2 1 (No. 5),"{'a': 10.136172925789388, 'b': 13.177024803526205, 'c': 17.23149397384196, 'alpha': 90.0, 'beta': 109.0, 'gamma': 90.0, 'volume': 2176.127676383451, 'n_atoms': 29}"
259.npz,P 1 21 1 (No. 4),"{'a': 7.319424373093276, 'b': 9.515251685021259, 'c': 12.443021434258569, 'alpha': 90.0, 'beta': 109.0, 'gamma': 90.0, 'volume': 819.3946474024681, 'n_atoms': 21}"
260.npz,C 1 2 1 (No. 5),"{'a': 7.5758715513812795, 'b': 9.848633016795663, 'c': 12.878981637348176, 'alpha': 90.0, 'beta': 109.0, 'gamma': 90.0, 'volume': 908.5736697409206, 'n_atoms': 14}"
261.npz,C 1 2 1 (No. 5),"{'a': 9.729570461340126, 'b': 12.648441599742164, 'c': 16.540269784278212, 'alpha': 90.0, 'beta': 109.0, 'gamma': 90.0, 'volume': 1924.6126756827557, 'n_atoms': 25}"
262.npz,C 1 2 1 (No. 5),"{'a': 9.517954177826589, 'b': 12.373340431174565, 'c': 16.1805221023052, 'alpha': 90.0, 'beta': 109.0, 'gamma': 90.0, 'volume': 1801.7443465493104, 'n_atoms': 28}"
263.npz,P 1 21 1 (No. 4),"{'a': 5.486468554108557, 'b': 7.132409120341124, 'c': 9.326996541984546, 'alpha': 90.0, 'beta': 109.0, 'gamma': 90.0, 'volume': 345.09687149660726, 'n_atoms': 12}"
264.npz,C 1 2 1 (No. 5),"{'a': 8.649226318730264, 'b': 11.243994214349344, 'c': 14.703684741841448, 'alpha': 90.0, 'beta': 109.0, 'gamma': 90.0, 'volume': 1352.0542652863373, 'n_atoms': 18}"
265.npz,C 1 2 1 (No. 5),"{'a': 7.733152298775591, 'b': 10.053097988408268, 'c': 13.146358907918506, 'alpha': 90.0, 'beta': 109.0, 'gamma': 90.0, 'volume': 966.3446112731756, 'n_atoms': 17}"
266.npz,P 1 21 1 (No. 4),"{'a': 7.003135253782076, 'b': 9.104075829916699, 'c': 11.905329931429529, 'alpha': 90.0, 'beta': 109.0, 'gamma': 90.0, 'volume': 717.6949351202162, 'n_atoms': 23}"
267.npz,P 1 21 1 (No. 4),"{'a': 5.249521087136133, 'b': 6.824377413276973, 'c': 8.924185848131426, 'alpha': 90.0, 'beta': 109.0, 'gamma': 90.0, 'volume': 302.28833804287973, 'n_atoms': 10}"
268.npz,P 1 21 1 (No. 4),"{'a': 6.038660704823449, 'b': 7.850258916270484, 'c': 10.265723198199863, 'alpha': 90.0, 'beta': 109.0, 'gamma': 90.0, 'volume': 460.13389352905784, 'n_atoms': 15}"
269.npz,C 1 2 1 (No. 5),"{'a': 8.444703192355382, 'b': 10.978114150061996, 'c': 14.35599542700415, 'alpha': 90.0, 'beta': 109.0, 'gamma': 90.0, 'volume': 1258.390725720471, 'n_atoms': 15}"
270.npz,P 1 21 1 (No. 4),"{'a': 5.328371377697595, 'b': 6.926882791006873, 'c': 9.05823134208591, 'alpha': 90.0, 'beta': 109.0, 'gamma': 90.0, 'volume': 316.1155060482254, 'n_atoms': 10}"
271.npz,C 1 2 1 (No. 5),"{'a': 6.993306782985482, 'b': 9.091298817881126, 'c': 11.88862153107532, 'alpha': 90.0, 'beta': 109.0, 'gamma': 90.0, 'volume': 714.6774514719915, 'n_atoms': 10}"
272.npz,P 1 21 1 (No. 4),"{'a': 6.096636659244241, 'b': 7.925627657017513, 'c': 10.364282320715208, 'alpha': 90.0, 'beta': 109.0, 'gamma': 90.0, 'volume': 473.5144957146327, 'n_atoms': 16}"
273.npz,C 1 2 1 (No. 5),"{'a': 7.248200520214858, 'b': 9.422660676279316, 'c': 12.321940884365258, 'alpha': 90.0, 'beta': 109.0, 'gamma': 90.0, 'volume': 795.706558381522, 'n_atoms': 12}"
274.npz,C 1 2 1 (No. 5),"{'a': 7.354172340488861, 'b': 9.56042404263552, 'c': 12.502092978831064, 'alpha': 90.0, 'beta': 109.0, 'gamma': 90.0, 'volume': 831.1200287765097, 'n_atoms': 12}"
275.npz,C 1 2 1 (No. 5),"{'a': 8.85348886066784, 'b': 11.509535518868192, 'c': 15.050931063135327, 'alpha': 90.0, 'beta': 109.0, 'gamma': 90.0, 'volume': 1450.1257842560055, 'n_atoms': 24}"
276.npz,P 1 21 1 (No. 4),"{'a': 6.4292653739962535, 'b': 8.35804498619513, 'c': 10.92975113579363, 'alpha': 90.0, 'beta': 109.0, 'gamma': 90.0, 'volume': 555.3239386077935, 'n_atoms': 14}"
277.npz,C 1 2 1 (No. 5),"{'a': 7.794490323543425, 'b': 10.132837420606453, 'c': 13.25063355002382, 'alpha': 90.0, 'beta': 109.0, 'gamma': 90.0, 'volume': 989.5221172579719, 'n_atoms': 12}"
278.npz,C 1 2 1 (No. 5),"{'a': 8.57758052129863, 'b': 11.15085467768822, 'c': 14.581886886207672, 'alpha': 90.0, 'beta': 109.0, 'gamma': 90.0, 'volume': 1318.7326231803968, 'n_atoms': 21}"
279.npz,C 1 2 1 (No. 5),"{'a': 7.011998578247082, 'b': 9.115598151721207, 'c': 11.92039758302004, 'alpha': 90.0, 'beta': 109.0, 'gamma': 90.0, 'volume': 720.4233776274455, 'n_atoms': 10}"
280.npz,P 1 21 1 (No. 4),"{'a': 8.086482392318299, 'b': 10.512427110013789, 'c': 13.747020066941108, 'alpha': 90.0, 'beta': 109.0, 'gamma': 90.0, 'volume': 1104.9465616142145, 'n_atoms': 28}"
281.npz,P 1 21 1 (No. 4),"{'a': 6.7219705790809545, 'b': 8.738561752805241, 'c': 11.427349984437623, 'alpha': 90.0, 'beta': 109.0, 'gamma': 90.0, 'volume': 634.676124249653, 'n_atoms': 22}"
282.npz,C 1 2 1 (No. 5),"{'a': 6.513937240243576, 'b': 8.468118412316649, 'c': 11.073693308414079, 'alpha': 90.0, 'beta': 109.0, 'gamma': 90.0, 'volume': 577.5546023283765, 'n_atoms': 10}"
283.npz,P 1 21 1 (No. 4),"{'a': 8.13408789573193, 'b': 10.57431426445151, 'c': 13.82794942274428, 'alpha': 90.0, 'beta': 109.0, 'gamma': 90.0, 'volume': 1124.5762881697808, 'n_atoms': 29}"
284.npz,C 1 2 1 (No. 5),"{'a': 7.320318477621178, 'b': 9.516414020907531, 'c': 12.444541411956001, 'alpha': 90.0, 'beta': 109.0, 'gamma': 90.0, 'volume': 819.694963625893, 'n_atoms': 11}"
285.npz,C 1 2 1 (No. 5),"{'a': 7.781985232949062, 'b': 10.11658080283378, 'c': 13.229374896013406, 'alpha': 90.0, 'beta': 109.0, 'gamma': 90.0, 'volume': 984.7671346371274, 'n_atoms': 12}"
286.npz,P 1 21 1 (No. 4),"{'a': 6.558610955137028, 'b': 8.526194241678137, 'c': 11.149638623732947, 'alpha': 90.0, 'beta': 109.0, 'gamma': 90.0, 'volume': 589.5191935323865, 'n_atoms': 17}"
287.npz,P 1 21 1 (No. 4),"{'a': 6.83736882646985, 'b': 8.888579474410804, 'c': 11.623527004998744, 'alpha': 90.0, 'beta': 109.0, 'gamma': 90.0, 'volume': 667.9275570885935, 'n_atoms': 21}"
288.npz,C 1 2 1 (No. 5),"{'a': 8.329077910578693, 'b': 10.8278012837523, 'c': 14.159432447983779, 'alpha': 90.0, 'beta': 109.0, 'gamma': 90.0, 'volume': 1207.405396539289, 'n_atoms': 14}"
289.npz,P 1 21 1 (No. 4),"{'a': 7.387414778900073, 'b': 9.603639212570096, 'c': 12.558605124130123, 'alpha': 90.0, 'beta': 109.0, 'gamma': 90.0, 'volume': 842.4415738036548, 'n_atoms': 28}"
290.npz,P 1 21 1 (No. 4),"{'a': 6.725127145565962, 'b': 8.74266528923575, 'c': 11.432716147462134, 'alpha': 90.0, 'beta': 109.0, 'gamma': 90.0, 'volume': 635.5706558221732, 'n_atoms': 21}"
291.npz,P 1 21 1 (No. 4),"{'a': 7.2147549376062345, 'b': 9.379181418888106, 'c': 12.265083393930599, 'alpha': 90.0, 'beta': 109.0, 'gamma': 90.0, 'volume': 784.7423510450462, 'n_atoms': 23}"
292.npz,C 1 2 1 (No. 5),"{'a': 8.898118373241942, 'b': 11.567553885214526, 'c': 15.126801234511301, 'alpha': 90.0, 'beta': 109.0, 'gamma': 90.0, 'volume': 1472.166313651996, 'n_atoms': 22}"
293.npz,P 1 21 1 (No. 4),"{'a': 6.371717487134431, 'b': 8.28323273327476, 'c': 10.831919728128533, 'alpha': 90.0, 'beta': 109.0, 'gamma': 90.0, 'volume': 540.5450239408217, 'n_atoms': 14}"
294.npz,C 1 2 1 (No. 5),"{'a': 6.566275693730133, 'b': 8.536158401849173, 'c': 11.162668679341225, 'alpha': 90.0, 'beta': 109.0, 'gamma': 90.0, 'volume': 591.5884395228942, 'n_atoms': 10}"
295.npz,C 1 2 1 (No. 5),"{'a': 10.303600156854133, 'b': 13.394680203910372, 'c': 17.516120266652024, 'alpha': 90.0, 'beta': 109.0, 'gamma': 90.0, 'volume': 2285.7531671381403, 'n_atoms': 29}"
296.npz,P 1 21 1 (No. 4),"{'a': 7.2019713283220375, 'b': 9.362562726818648, 'c': 12.243351258147463, 'alpha': 90.0, 'beta': 109.0, 'gamma': 90.0, 'volume': 780.5783530692875, 'n_atoms': 20}"
297.npz,C 1 2 1 (No. 5),"{'a': 7.968463996867286, 'b': 10.359003195927473, 'c': 13.546388794674387, 'alpha': 90.0, 'beta': 109.0, 'gamma': 90.0, 'volume': 1057.2706671142525, 'n_atoms': 14}"
298.npz,P 1 21 1 (No. 4),"{'a': 7.749957658471339, 'b': 10.074944956012741, 'c': 13.174928019401277, 'alpha': 90.0, 'beta': 109.0, 'gamma': 90.0, 'volume': 972.6583699956788, 'n_atoms': 29}"
299.npz,C 1 2 1 (No. 5),"{'a': 7.229661656770177, 'b': 9.398560153801231, 'c': 12.2904248165093, 'alpha': 90.0, 'beta': 109.0, 'gamma': 90.0, 'volume': 789.616579012853, 'n_atoms': 10}"
